census_id,GEOID_10,count,share
25025070500,25025070500,245,0.007065
25025080500,25025080500,240,0.00692
25025070900,25025070900,222,0.006401
25025071201,25025071201,203,0.005854
25025071101,25025071101,201,0.005796
25025070101,25025070101,190,0.005479
25025080401,25025080401,181,0.005219
25025092400,25025092400,169,0.004873
25025081700,25025081700,159,0.004585
25025070200,25025070200,155,0.004469
25025082100,25025082100,155,0.004469
25025081300,25025081300,151,0.004354
25025140400,25025140400,150,0.004325
25025070402,25025070402,146,0.00421
25025092000,25025092000,146,0.00421
25025101001,25025101001,146,0.00421
25025080601,25025080601,140,0.004037
25025100100,25025100100,139,0.004008
25025090400,25025090400,136,0.003922
25025090100,25025090100,135,0.003893
25025101102,25025101102,134,0.003864
25025100500,25025100500,129,0.00372
25025101002,25025101002,123,0.003547
25025081800,25025081800,118,0.003403
25025092101,25025092101,116,0.003345
25025070800,25025070800,115,0.003316
25025080100,25025080100,114,0.003287
25025090300,25025090300,114,0.003287
25025010405,25025010405,112,0.00323
25025081001,25025081001,112,0.00323
25025010203,25025010203,107,0.003085
25025081900,25025081900,107,0.003085
25025140300,25025140300,107,0.003085
25025091500,25025091500,104,0.002999
25025061200,25025061200,102,0.002941
25025091900,25025091900,101,0.002912
25025080300,25025080300,96,0.002768
25025081400,25025081400,91,0.002624
25025081500,25025081500,91,0.002624
25025082000,25025082000,91,0.002624
25025091400,25025091400,91,0.002624
25025101101,25025101101,91,0.002624
25017341902,25017341902,90,0.002595
25021420100,25021420100,90,0.002595
25025100400,25025100400,90,0.002595
25025100601,25025100601,90,0.002595
25025060600,25025060600,89,0.002566
25025090200,25025090200,87,0.002509
25025000802,25025000802,84,0.002422
25025010600,25025010600,84,0.002422
25025070700,25025070700,83,0.002393
25025090700,25025090700,83,0.002393
25025100200,25025100200,83,0.002393
25025092300,25025092300,80,0.002307
25021417200,25021417200,79,0.002278
25017354900,25017354900,78,0.002249
25021420302,25021420302,77,0.00222
25025060700,25025060700,77,0.00222
25025010404,25025010404,76,0.002191
25025070300,25025070300,76,0.002191
25025100300,25025100300,76,0.002191
25025000100,25025000100,74,0.002134
25025091800,25025091800,74,0.002134
25025120301,25025120301,74,0.002134
25025140102,25025140102,73,0.002105
25025170300,25025170300,73,0.002105
25025091700,25025091700,71,0.002047
25025100900,25025100900,70,0.002018
25025091200,25025091200,69,0.00199
25025080801,25025080801,66,0.001903
25025091100,25025091100,66,0.001903
25025110103,25025110103,66,0.001903
25025080900,25025080900,65,0.001874
25025120201,25025120201,65,0.001874
25025091300,25025091300,64,0.001845
25025140202,25025140202,64,0.001845
25017374100,25017374100,63,0.001817
25025070600,25025070600,63,0.001817
25021420202,25021420202,62,0.001788
25025060400,25025060400,62,0.001788
25017342400,25017342400,61,0.001759
25021418004,25021418004,61,0.001759
25025090901,25025090901,61,0.001759
25025091600,25025091600,61,0.001759
25025130406,25025130406,61,0.001759
25025061000,25025061000,60,0.00173
25025092200,25025092200,59,0.001701
25017341400,25017341400,58,0.001672
25021403500,25021403500,58,0.001672
25021420301,25021420301,58,0.001672
25025010500,25025010500,57,0.001644
25025081200,25025081200,57,0.001644
25025060800,25025060800,56,0.001615
25025090600,25025090600,56,0.001615
25025100700,25025100700,56,0.001615
25021417701,25021417701,55,0.001586
25025000602,25025000602,55,0.001586
25025100800,25025100800,55,0.001586
25025110401,25025110401,55,0.001586
25017373900,25017373900,54,0.001557
25025040801,25025040801,54,0.001557
25025061101,25025061101,54,0.001557
25021419100,25021419100,53,0.001528
25025040300,25025040300,53,0.001528
25025120400,25025120400,53,0.001528
25025060501,25025060501,52,0.001499
25025170702,25025170702,52,0.001499
25017341102,25017341102,51,0.001471
25017367200,25017367200,51,0.001471
25017341300,25017341300,50,0.001442
25021416101,25021416101,50,0.001442
25021418002,25021418002,50,0.001442
25021418101,25021418101,50,0.001442
25017342500,25017342500,49,0.001413
25017350104,25017350104,49,0.001413
25021400600,25021400600,49,0.001413
25021418200,25021418200,49,0.001413
25025010403,25025010403,49,0.001413
25025140105,25025140105,49,0.001413
25017373200,25017373200,48,0.001384
25021416200,25021416200,48,0.001384
25021417502,25021417502,48,0.001384
25025091001,25025091001,48,0.001384
25025130100,25025130100,48,0.001384
25017341200,25017341200,47,0.001355
25021400500,25021400500,47,0.001355
25025110403,25025110403,47,0.001355
25025130402,25025130402,47,0.001355
25025010104,25025010104,46,0.001326
25025051101,25025051101,46,0.001326
25017342300,25017342300,45,0.001298
25017352101,25017352101,45,0.001298
25017370400,25017370400,45,0.001298
25017374400,25017374400,45,0.001298
25021401200,25021401200,45,0.001298
25021417901,25021417901,45,0.001298
25025030300,25025030300,45,0.001298
25017341600,25017341600,44,0.001269
25017370102,25017370102,44,0.001269
25021419600,25021419600,44,0.001269
25023511100,25023511100,44,0.001269
25025140107,25025140107,44,0.001269
25017357700,25017357700,43,0.00124
25017373800,25017373800,43,0.00124
25021416400,25021416400,43,0.00124
25025000504,25025000504,43,0.00124
25025140106,25025140106,43,0.00124
25017341800,25017341800,42,0.001211
25017350200,25017350200,42,0.001211
25017374000,25017374000,42,0.001211
25021403100,25021403100,42,0.001211
25025020303,25025020303,42,0.001211
25025050101,25025050101,42,0.001211
25017333600,25017333600,41,0.001182
25017341101,25017341101,41,0.001182
25025140201,25025140201,41,0.001182
25025160101,25025160101,41,0.001182
25017358600,25017358600,40,0.001153
25021400200,25021400200,40,0.001153
25021417801,25021417801,40,0.001153
25021418003,25021418003,40,0.001153
25023510502,25023510502,40,0.001153
25025051000,25025051000,40,0.001153
25021415102,25021415102,39,0.001125
25021416300,25021416300,39,0.001125
25023511600,25023511600,39,0.001125
25025020101,25025020101,39,0.001125
25025050700,25025050700,39,0.001125
25025170800,25025170800,39,0.001125
25017342201,25017342201,38,0.001096
25017373100,25017373100,38,0.001096
25021415200,25021415200,38,0.001096
25021419200,25021419200,38,0.001096
25021421200,25021421200,38,0.001096
25025010103,25025010103,38,0.001096
25025081100,25025081100,38,0.001096
25017368800,25017368800,37,0.001067
25017373500,25017373500,37,0.001067
25017374700,25017374700,37,0.001067
25025130300,25025130300,37,0.001067
25025130404,25025130404,37,0.001067
25025160501,25025160501,37,0.001067
25017341500,25017341500,36,0.001038
25017353101,25017353101,36,0.001038
25017370300,25017370300,36,0.001038
25021400300,25021400300,36,0.001038
25021417601,25021417601,36,0.001038
25021417602,25021417602,36,0.001038
25023510700,25023510700,36,0.001038
25025000401,25025000401,36,0.001038
25025000803,25025000803,36,0.001038
25025020200,25025020200,36,0.001038
25025981300,25025981300,36,0.001038
25017318100,25017318100,35,0.001009
25017374500,25017374500,35,0.001009
25021400100,25021400100,35,0.001009
25021417100,25021417100,35,0.001009
25023510200,25023510200,35,0.001009
25023510800,25023510800,35,0.001009
25025000704,25025000704,35,0.001009
25025120500,25025120500,35,0.001009
25017338400,25017338400,34,0.00098
25017353102,25017353102,34,0.00098
25017358300,25017358300,34,0.00098
25021401000,25021401000,34,0.00098
25025000201,25025000201,34,0.00098
25025060101,25025060101,34,0.00098
25025110201,25025110201,34,0.00098
25025110301,25025110301,34,0.00098
25025110502,25025110502,34,0.00098
25025160502,25025160502,34,0.00098
25025170100,25025170100,34,0.00098
25025170501,25025170501,34,0.00098
25009254301,25009254301,33,0.000952
25017342102,25017342102,33,0.000952
25021418102,25021418102,33,0.000952
25021422302,25021422302,33,0.000952
25021456302,25021456302,33,0.000952
25017359300,25017359300,32,0.000923
25021401100,25021401100,32,0.000923
25021403300,25021403300,32,0.000923
25021404400,25021404400,32,0.000923
25021414200,25021414200,32,0.000923
25023501102,25023501102,32,0.000923
25023510503,25023510503,32,0.000923
25025010408,25025010408,32,0.000923
25025050200,25025050200,32,0.000923
25017342600,25017342600,31,0.000894
25017358400,25017358400,31,0.000894
25017374200,25017374200,31,0.000894
25021422200,25021422200,31,0.000894
25021422501,25021422501,31,0.000894
25025010300,25025010300,31,0.000894
25025051200,25025051200,31,0.000894
25025110607,25025110607,31,0.000894
25009254402,25009254402,30,0.000865
25017332200,25017332200,30,0.000865
25017339801,25017339801,30,0.000865
25017339802,25017339802,30,0.000865
25017356300,25017356300,30,0.000865
25017356701,25017356701,30,0.000865
25017383800,25017383800,30,0.000865
25021400900,25021400900,30,0.000865
25025010802,25025010802,30,0.000865
25025060301,25025060301,30,0.000865
25025110501,25025110501,30,0.000865
25025180101,25025180101,30,0.000865
25009208400,25009208400,29,0.000836
25017333400,25017333400,29,0.000836
25017339100,25017339100,29,0.000836
25017341700,25017341700,29,0.000836
25017342101,25017342101,29,0.000836
25017353400,25017353400,29,0.000836
25017354600,25017354600,29,0.000836
25017357100,25017357100,29,0.000836
25017370202,25017370202,29,0.000836
25017374800,25017374800,29,0.000836
25017382100,25017382100,29,0.000836
25021402102,25021402102,29,0.000836
25021404202,25021404202,29,0.000836
25021417501,25021417501,29,0.000836
25021419800,25021419800,29,0.000836
25025000402,25025000402,29,0.000836
25017340100,25017340100,28,0.000807
25017356400,25017356400,28,0.000807
25017367100,25017367100,28,0.000807
25021400700,25021400700,28,0.000807
25021403400,25021403400,28,0.000807
25021419700,25021419700,28,0.000807
25021456402,25021456402,28,0.000807
25025040200,25025040200,28,0.000807
25025040401,25025040401,28,0.000807
25025170400,25025170400,28,0.000807
25027761200,25027761200,28,0.000807
25017352400,25017352400,27,0.000779
25017355000,25017355000,27,0.000779
25017373400,25017373400,27,0.000779
25017373600,25017373600,27,0.000779
25017385202,25017385202,27,0.000779
25021412300,25021412300,27,0.000779
25021457200,25021457200,27,0.000779
25023503102,25023503102,27,0.000779
25023511301,25023511301,27,0.000779
25025000202,25025000202,27,0.000779
25025010204,25025010204,27,0.000779
25025040600,25025040600,27,0.000779
25025100603,25025100603,27,0.000779
25017339900,25017339900,26,0.00075
25017350700,25017350700,26,0.00075
25017351000,25017351000,26,0.00075
25017356702,25017356702,26,0.00075
25017359100,25017359100,26,0.00075
25017365100,25017365100,26,0.00075
25017368901,25017368901,26,0.00075
25021402400,25021402400,26,0.00075
25021417300,25021417300,26,0.00075
25021422502,25021422502,26,0.00075
25023510400,25023510400,26,0.00075
25025000302,25025000302,26,0.00075
25025050901,25025050901,26,0.00075
25025060200,25025060200,26,0.00075
25005610202,25005610202,25,0.000721
25009205700,25009205700,25,0.000721
25017336300,25017336300,25,0.000721
25017337102,25017337102,25,0.000721
25017338100,25017338100,25,0.000721
25017339200,25017339200,25,0.000721
25017353000,25017353000,25,0.000721
25017365202,25017365202,25,0.000721
25017368600,25017368600,25,0.000721
25017373700,25017373700,25,0.000721
25017383902,25017383902,25,0.000721
25021400400,25021400400,25,0.000721
25021400800,25021400800,25,0.000721
25021412100,25021412100,25,0.000721
25025050300,25025050300,25,0.000721
25025050400,25025050400,25,0.000721
25025120600,25025120600,25,0.000721
25009208300,25009208300,24,0.000692
25009254403,25009254403,24,0.000692
25017316300,25017316300,24,0.000692
25017337300,25017337300,24,0.000692
25017338200,25017338200,24,0.000692
25017353200,25017353200,24,0.000692
25017357800,25017357800,24,0.000692
25017366201,25017366201,24,0.000692
25017366202,25017366202,24,0.000692
25017370101,25017370101,24,0.000692
25017374600,25017374600,24,0.000692
25017383600,25017383600,24,0.000692
25023511400,25023511400,24,0.000692
25025000502,25025000502,24,0.000692
25025130200,25025130200,24,0.000692
25025160200,25025160200,24,0.000692
25025160601,25025160601,24,0.000692
25005600203,25005600203,23,0.000663
25017333100,25017333100,23,0.000663
25017351204,25017351204,23,0.000663
25017351404,25017351404,23,0.000663
25017353700,25017353700,23,0.000663
25017354300,25017354300,23,0.000663
25017358700,25017358700,23,0.000663
25017363102,25017363102,23,0.000663
25017368300,25017368300,23,0.000663
25017382500,25017382500,23,0.000663
25017383901,25017383901,23,0.000663
25021404201,25021404201,23,0.000663
25021413500,25021413500,23,0.000663
25021414100,25021414100,23,0.000663
25023510300,25023510300,23,0.000663
25023510600,25023510600,23,0.000663
25025160602,25025160602,23,0.000663
25025170200,25025170200,23,0.000663
25005630300,25005630300,22,0.000634
25009206900,25009206900,22,0.000634
25009210500,25009210500,22,0.000634
25009254401,25009254401,22,0.000634
25017334400,25017334400,22,0.000634
25017336100,25017336100,22,0.000634
25017350103,25017350103,22,0.000634
25017351403,25017351403,22,0.000634
25017353300,25017353300,22,0.000634
25017356500,25017356500,22,0.000634
25017357200,25017357200,22,0.000634
25017365201,25017365201,22,0.000634
25017368200,25017368200,22,0.000634
25017368902,25017368902,22,0.000634
25017383102,25017383102,22,0.000634
25017385100,25017385100,22,0.000634
25021404301,25021404301,22,0.000634
25021413401,25021413401,22,0.000634
25023505200,25023505200,22,0.000634
25023510501,25023510501,22,0.000634
25023511200,25023511200,22,0.000634
25023511500,25023511500,22,0.000634
25023511701,25023511701,22,0.000634
25025010701,25025010701,22,0.000634
25005610100,25005610100,21,0.000606
25009208101,25009208101,21,0.000606
25009208200,25009208200,21,0.000606
25009254302,25009254302,21,0.000606
25017314101,25017314101,21,0.000606
25017336401,25017336401,21,0.000606
25017339600,25017339600,21,0.000606
25017350400,25017350400,21,0.000606
25017351300,25017351300,21,0.000606
25017373300,25017373300,21,0.000606
25021419300,25021419300,21,0.000606
25021443102,25021443102,21,0.000606
25021456200,25021456200,21,0.000606
25021457100,25021457100,21,0.000606
25023502200,25023502200,21,0.000606
25023506101,25023506101,21,0.000606
25023507103,25023507103,21,0.000606
25023511000,25023511000,21,0.000606
25025000601,25025000601,21,0.000606
25025020301,25025020301,21,0.000606
25025120104,25025120104,21,0.000606
25025170601,25025170601,21,0.000606
25025180500,25025180500,21,0.000606
25005613100,25005613100,20,0.000577
25009203100,25009203100,20,0.000577
25009206700,25009206700,20,0.000577
25009209200,25009209200,20,0.000577
25009210400,25009210400,20,0.000577
25017332400,25017332400,20,0.000577
25017339500,25017339500,20,0.000577
25017350600,25017350600,20,0.000577
25017350900,25017350900,20,0.000577
25017351203,25017351203,20,0.000577
25017352500,25017352500,20,0.000577
25017358100,25017358100,20,0.000577
25017358500,25017358500,20,0.000577
25017363104,25017363104,20,0.000577
25017368102,25017368102,20,0.000577
25017368400,25017368400,20,0.000577
25017374300,25017374300,20,0.000577
25017382200,25017382200,20,0.000577
25017383400,25017383400,20,0.000577
25021402200,25021402200,20,0.000577
25021423100,25021423100,20,0.000577
25021456102,25021456102,20,0.000577
25023504101,25023504101,20,0.000577
25025000701,25025000701,20,0.000577
25025010702,25025010702,20,0.000577
25025160400,25025160400,20,0.000577
25027739400,25027739400,20,0.000577
25009202200,25009202200,19,0.000548
25009211300,25009211300,19,0.000548
25009254200,25009254200,19,0.000548
25015820400,25015820400,19,0.000548
25017311700,25017311700,19,0.000548
25017333200,25017333200,19,0.000548
25017335100,25017335100,19,0.000548
25017335302,25017335302,19,0.000548
25017336200,25017336200,19,0.000548
25017338300,25017338300,19,0.000548
25017352300,25017352300,19,0.000548
25017353900,25017353900,19,0.000548
25017356601,25017356601,19,0.000548
25017361300,25017361300,19,0.000548
25017368101,25017368101,19,0.000548
25017384002,25017384002,19,0.000548
25021404302,25021404302,19,0.000548
25021411200,25021411200,19,0.000548
25021413200,25021413200,19,0.000548
25021415101,25021415101,19,0.000548
25021421100,25021421100,19,0.000548
25021422400,25021422400,19,0.000548
25021422600,25021422600,19,0.000548
25023520201,25023520201,19,0.000548
25023525101,25023525101,19,0.000548
25023525104,25023525104,19,0.000548
25025000301,25025000301,19,0.000548
25027739100,25027739100,19,0.000548
25027741102,25027741102,19,0.000548
25005612200,25005612200,18,0.000519
25009204702,25009204702,18,0.000519
25009206500,25009206500,18,0.000519
25009208102,25009208102,18,0.000519
25009210300,25009210300,18,0.000519
25009212100,25009212100,18,0.000519
25017332300,25017332300,18,0.000519
25017340000,25017340000,18,0.000519
25017342202,25017342202,18,0.000519
25017352102,25017352102,18,0.000519
25017354000,25017354000,18,0.000519
25017382602,25017382602,18,0.000519
25021404100,25021404100,18,0.000519
25021411100,25021411100,18,0.000519
25021440100,25021440100,18,0.000519
25023502101,25023502101,18,0.000519
25023508200,25023508200,18,0.000519
25025000703,25025000703,18,0.000519
25025030400,25025030400,18,0.000519
25025050600,25025050600,18,0.000519
25025160300,25025160300,18,0.000519
33015106102,33015106102,18,0.000519
25009206800,25009206800,17,0.00049
25009217600,25009217600,17,0.00049
25009251800,25009251800,17,0.00049
25009252601,25009252601,17,0.00049
25009253202,25009253202,17,0.00049
25017311400,25017311400,17,0.00049
25017321300,25017321300,17,0.00049
25017321600,25017321600,17,0.00049
25017333300,25017333300,17,0.00049
25017333502,25017333502,17,0.00049
25017336402,25017336402,17,0.00049
25017339700,25017339700,17,0.00049
25017353500,25017353500,17,0.00049
25021417902,25021417902,17,0.00049
25021420201,25021420201,17,0.00049
25021422700,25021422700,17,0.00049
25023511302,25023511302,17,0.00049
25023520202,25023520202,17,0.00049
25005610203,25005610203,16,0.000461
25005630200,25005630200,16,0.000461
25009202102,25009202102,16,0.000461
25009205900,25009205900,16,0.000461
25009253204,25009253204,16,0.000461
25017331200,25017331200,16,0.000461
25017339300,25017339300,16,0.000461
25017351100,25017351100,16,0.000461
25017353800,25017353800,16,0.000461
25017357300,25017357300,16,0.000461
25017361200,25017361200,16,0.000461
25017366100,25017366100,16,0.000461
25017368500,25017368500,16,0.000461
25021410300,25021410300,16,0.000461
25021412200,25021412200,16,0.000461
25021416102,25021416102,16,0.000461
25021417802,25021417802,16,0.000461
25023520100,25023520100,16,0.000461
25023525203,25023525203,16,0.000461
25025030500,25025030500,16,0.000461
25025110601,25025110601,16,0.000461
25025120105,25025120105,16,0.000461
25025170701,25025170701,16,0.000461
25025180200,25025180200,16,0.000461
25025980300,25025980300,16,0.000461
25009204200,25009204200,15,0.000433
25009205300,25009205300,15,0.000433
25009206300,25009206300,15,0.000433
25009206600,25009206600,15,0.000433
25009217100,25009217100,15,0.000433
25009252300,25009252300,15,0.000433
25017317102,25017317102,15,0.000433
25017321100,25017321100,15,0.000433
25017330100,25017330100,15,0.000433
25017333501,25017333501,15,0.000433
25017334300,25017334300,15,0.000433
25017335200,25017335200,15,0.000433
25017357600,25017357600,15,0.000433
25017383300,25017383300,15,0.000433
25017383501,25017383501,15,0.000433
25021402500,25021402500,15,0.000433
25021419400,25021419400,15,0.000433
25021422800,25021422800,15,0.000433
25023501201,25023501201,15,0.000433
25023506102,25023506102,15,0.000433
25023509101,25023509101,15,0.000433
25023510100,25023510100,15,0.000433
25023523202,25023523202,15,0.000433
25023542300,25023542300,15,0.000433
25025010801,25025010801,15,0.000433
25027741101,25027741101,15,0.000433
25027742402,25027742402,15,0.000433
25005600100,25005600100,14,0.000404
25005614000,25005614000,14,0.000404
25009204102,25009204102,14,0.000404
25009210800,25009210800,14,0.000404
25009218100,25009218100,14,0.000404
25009250800,25009250800,14,0.000404
25009252101,25009252101,14,0.000404
25017315200,25017315200,14,0.000404
25017315500,25017315500,14,0.000404
25017316400,25017316400,14,0.000404
25017318300,25017318300,14,0.000404
25017321200,25017321200,14,0.000404
25017330200,25017330200,14,0.000404
25017331300,25017331300,14,0.000404
25017341901,25017341901,14,0.000404
25017352600,25017352600,14,0.000404
25017356100,25017356100,14,0.000404
25021405100,25021405100,14,0.000404
25021413100,25021413100,14,0.000404
25021413402,25021413402,14,0.000404
25021442202,25021442202,14,0.000404
25021456301,25021456301,14,0.000404
25023501202,25023501202,14,0.000404
25025030200,25025030200,14,0.000404
25005613800,25005613800,13,0.000375
25009204701,25009204701,13,0.000375
25009205400,25009205400,13,0.000375
25009205500,25009205500,13,0.000375
25009205800,25009205800,13,0.000375
25009217201,25009217201,13,0.000375
25009223300,25009223300,13,0.000375
25017310700,25017310700,13,0.000375
25017316202,25017316202,13,0.000375
25017316500,25017316500,13,0.000375
25017326102,25017326102,13,0.000375
25017332100,25017332100,13,0.000375
25017334100,25017334100,13,0.000375
25017339400,25017339400,13,0.000375
25017351500,25017351500,13,0.000375
25017356602,25017356602,13,0.000375
25017363201,25017363201,13,0.000375
25017370201,25017370201,13,0.000375
25017382601,25017382601,13,0.000375
25017383200,25017383200,13,0.000375
25017383502,25017383502,13,0.000375
25017387201,25017387201,13,0.000375
25021406102,25021406102,13,0.000375
25021410100,25021410100,13,0.000375
25021415300,25021415300,13,0.000375
25021442102,25021442102,13,0.000375
25021456101,25021456101,13,0.000375
25023510900,25023510900,13,0.000375
25023526100,25023526100,13,0.000375
25023542200,25023542200,13,0.000375
25027739200,25027739200,13,0.000375
25027742300,25027742300,13,0.000375
25027744200,25027744200,13,0.000375
33011012100,33011012100,13,0.000375
25005631100,25005631100,12,0.000346
25009206400,25009206400,12,0.000346
25009210600,25009210600,12,0.000346
25009211402,25009211402,12,0.000346
25009251600,25009251600,12,0.000346
25009251700,25009251700,12,0.000346
25009253205,25009253205,12,0.000346
25009254100,25009254100,12,0.000346
25017310601,25017310601,12,0.000346
25017312501,25017312501,12,0.000346
25017315100,25017315100,12,0.000346
25017316102,25017316102,12,0.000346
25017337202,25017337202,12,0.000346
25017352800,25017352800,12,0.000346
25017353600,25017353600,12,0.000346
25017357400,25017357400,12,0.000346
25017361100,25017361100,12,0.000346
25017388100,25017388100,12,0.000346
25021402300,25021402300,12,0.000346
25021407100,25021407100,12,0.000346
25021410400,25021410400,12,0.000346
25021413300,25021413300,12,0.000346
25021422301,25021422301,12,0.000346
25021441204,25021441204,12,0.000346
25021442101,25021442101,12,0.000346
25023502102,25023502102,12,0.000346
25023508101,25023508101,12,0.000346
25023508102,25023508102,12,0.000346
25023524102,25023524102,12,0.000346
25023525204,25023525204,12,0.000346
25027731700,25027731700,12,0.000346
33011011200,33011011200,12,0.000346
25001013600,25001013600,11,0.000317
25005610204,25005610204,11,0.000317
25005614101,25005614101,11,0.000317
25009205600,25009205600,11,0.000317
25009206100,25009206100,11,0.000317
25009213100,25009213100,11,0.000317
25009252400,25009252400,11,0.000317
25009252502,25009252502,11,0.000317
25009261102,25009261102,11,0.000317
25017310300,25017310300,11,0.000317
25017313101,25017313101,11,0.000317
25017354100,25017354100,11,0.000317
25017354500,25017354500,11,0.000317
25017357500,25017357500,11,0.000317
25017368700,25017368700,11,0.000317
25017369100,25017369100,11,0.000317
25017383101,25017383101,11,0.000317
25021408101,25021408101,11,0.000317
25021409102,25021409102,11,0.000317
25021411301,25021411301,11,0.000317
25021422100,25021422100,11,0.000317
25023500104,25023500104,11,0.000317
25023503101,25023503101,11,0.000317
25023530500,25023530500,11,0.000317
25023530700,25023530700,11,0.000317
25023530901,25023530901,11,0.000317
25023540103,25023540103,11,0.000317
25023544100,25023544100,11,0.000317
25025020302,25025020302,11,0.000317
25025030100,25025030100,11,0.000317
25025180301,25025180301,11,0.000317
25025180400,25025180400,11,0.000317
25027719100,25027719100,11,0.000317
25027730500,25027730500,11,0.000317
25027740101,25027740101,11,0.000317
25027740102,25027740102,11,0.000317
25027744101,25027744101,11,0.000317
33011012300,33011012300,11,0.000317
33015106101,33015106101,11,0.000317
25001014002,25001014002,10,0.000288
25005600202,25005600202,10,0.000288
25005630102,25005630102,10,0.000288
25005985600,25005985600,10,0.000288
25009201100,25009201100,10,0.000288
25009202101,25009202101,10,0.000288
25009205100,25009205100,10,0.000288
25009206000,25009206000,10,0.000288
25009206200,25009206200,10,0.000288
25009207200,25009207200,10,0.000288
25009209100,25009209100,10,0.000288
25009210100,25009210100,10,0.000288
25009210200,25009210200,10,0.000288
25009210700,25009210700,10,0.000288
25009217500,25009217500,10,0.000288
25009252202,25009252202,10,0.000288
25009252602,25009252602,10,0.000288
25009260100,25009260100,10,0.000288
25009260402,25009260402,10,0.000288
25009266300,25009266300,10,0.000288
25009268300,25009268300,10,0.000288
25009270100,25009270100,10,0.000288
25017311600,25017311600,10,0.000288
25017317101,25017317101,10,0.000288
25017317201,25017317201,10,0.000288
25017317203,25017317203,10,0.000288
25017317302,25017317302,10,0.000288
25017321500,25017321500,10,0.000288
25017322100,25017322100,10,0.000288
25017322400,25017322400,10,0.000288
25017331102,25017331102,10,0.000288
25017337101,25017337101,10,0.000288
25017352700,25017352700,10,0.000288
25017360200,25017360200,10,0.000288
25017364101,25017364101,10,0.000288
25017386100,25017386100,10,0.000288
25021406101,25021406101,10,0.000288
25021414300,25021414300,10,0.000288
25021417400,25021417400,10,0.000288
25021419500,25021419500,10,0.000288
25021441203,25021441203,10,0.000288
25023505101,25023505101,10,0.000288
25023507104,25023507104,10,0.000288
25025000503,25025000503,10,0.000288
25027715100,25027715100,10,0.000288
25027721102,25027721102,10,0.000288
25027730801,25027730801,10,0.000288
25027737300,25027737300,10,0.000288
25027738100,25027738100,10,0.000288
25027743100,25027743100,10,0.000288
25027761400,25027761400,10,0.000288
33015003602,33015003602,10,0.000288
44007015100,44007015100,10,0.000288
9001055200,9001055200,9,0.00026
23031035000,23031035000,9,0.00026
25005613600,25005613600,9,0.00026
25005614102,25005614102,9,0.00026
25005630400,25005630400,9,0.00026
25005631600,25005631600,9,0.00026
25005632100,25005632100,9,0.00026
25005650102,25005650102,9,0.00026
25005653101,25005653101,9,0.00026
25005985500,25005985500,9,0.00026
25009207100,25009207100,9,0.00026
25009215101,25009215101,9,0.00026
25009250200,25009250200,9,0.00026
25009250600,25009250600,9,0.00026
25009250700,25009250700,9,0.00026
25009253100,25009253100,9,0.00026
25009268200,25009268200,9,0.00026
25017310602,25017310602,9,0.00026
25017311500,25017311500,9,0.00026
25017311800,25017311800,9,0.00026
25017331101,25017331101,9,0.00026
25017335301,25017335301,9,0.00026
25017335400,25017335400,9,0.00026
25017352200,25017352200,9,0.00026
25017352900,25017352900,9,0.00026
25017382400,25017382400,9,0.00026
25017384001,25017384001,9,0.00026
25021402101,25021402101,9,0.00026
25021443101,25021443101,9,0.00026
25023504102,25023504102,9,0.00026
25023505102,25023505102,9,0.00026
25023506203,25023506203,9,0.00026
25023507101,25023507101,9,0.00026
25025050500,25025050500,9,0.00026
25025170502,25025170502,9,0.00026
25027709201,25027709201,9,0.00026
25027710200,25027710200,9,0.00026
33011000902,33011000902,9,0.00026
33011002903,33011002903,9,0.00026
33015100400,33015100400,9,0.00026
36059300100,36059300100,9,0.00026
44007016400,44007016400,9,0.00026
23005002502,23005002502,8,0.000231
25001013800,25001013800,8,0.000231
25005611102,25005611102,8,0.000231
25005611201,25005611201,8,0.000231
25005631400,25005631400,8,0.000231
25005640100,25005640100,8,0.000231
25005641300,25005641300,8,0.000231
25005642500,25005642500,8,0.000231
25005646101,25005646101,8,0.000231
25009205200,25009205200,8,0.000231
25009210900,25009210900,8,0.000231
25009211401,25009211401,8,0.000231
25009217400,25009217400,8,0.000231
25009250100,25009250100,8,0.000231
25009251500,25009251500,8,0.000231
25017310500,25017310500,8,0.000231
25017317301,25017317301,8,0.000231
25017318400,25017318400,8,0.000231
25017327102,25017327102,8,0.000231
25017334200,25017334200,8,0.000231
25017350300,25017350300,8,0.000231
25017354200,25017354200,8,0.000231
25017383700,25017383700,8,0.000231
25017387202,25017387202,8,0.000231
25017388200,25017388200,8,0.000231
25017388300,25017388300,8,0.000231
25021409101,25021409101,8,0.000231
25021442103,25021442103,8,0.000231
25021456401,25021456401,8,0.000231
25023506204,25023506204,8,0.000231
25023511702,25023511702,8,0.000231
25023521102,25023521102,8,0.000231
25023522101,25023522101,8,0.000231
25023530801,25023530801,8,0.000231
25023540101,25023540101,8,0.000231
25025040100,25025040100,8,0.000231
25025120103,25025120103,8,0.000231
25025980700,25025980700,8,0.000231
25027713100,25027713100,8,0.000231
25027728400,25027728400,8,0.000231
25027732600,25027732600,8,0.000231
25027747101,25027747101,8,0.000231
33011002901,33011002901,8,0.000231
33011017100,33011017100,8,0.000231
33015003601,33015003601,8,0.000231
33015106200,33015106200,8,0.000231
44001030400,44001030400,8,0.000231
44003020903,44003020903,8,0.000231
44007016000,44007016000,8,0.000231
9003496200,9003496200,7,0.000202
9009194201,9009194201,7,0.000202
12086007902,12086007902,7,0.000202
12086008000,12086008000,7,0.000202
23019006100,23019006100,7,0.000202
23031034001,23031034001,7,0.000202
25001010100,25001010100,7,0.000202
25001013100,25001013100,7,0.000202
25001014402,25001014402,7,0.000202
25001014900,25001014900,7,0.000202
25005612100,25005612100,7,0.000202
25005613700,25005613700,7,0.000202
25005613902,25005613902,7,0.000202
25005615100,25005615100,7,0.000202
25005631300,25005631300,7,0.000202
25005641200,25005641200,7,0.000202
25005642100,25005642100,7,0.000202
25005644200,25005644200,7,0.000202
25005646103,25005646103,7,0.000202
25005653203,25005653203,7,0.000202
25009204101,25009204101,7,0.000202
25009211100,25009211100,7,0.000202
25009211200,25009211200,7,0.000202
25009216100,25009216100,7,0.000202
25009217300,25009217300,7,0.000202
25009252201,25009252201,7,0.000202
25009260700,25009260700,7,0.000202
25009262100,25009262100,7,0.000202
25009263100,25009263100,7,0.000202
25009268400,25009268400,7,0.000202
25017310100,25017310100,7,0.000202
25017315401,25017315401,7,0.000202
25017320104,25017320104,7,0.000202
25017322300,25017322300,7,0.000202
25017323100,25017323100,7,0.000202
25017325100,25017325100,7,0.000202
25017326101,25017326101,7,0.000202
25017337201,25017337201,7,0.000202
25017354700,25017354700,7,0.000202
25017363202,25017363202,7,0.000202
25017382300,25017382300,7,0.000202
25021408102,25021408102,7,0.000202
25021417702,25021417702,7,0.000202
25023501101,25023501101,7,0.000202
25023521202,25023521202,7,0.000202
25023522102,25023522102,7,0.000202
25023530400,25023530400,7,0.000202
25023541100,25023541100,7,0.000202
25023542101,25023542101,7,0.000202
25023544200,25023544200,7,0.000202
25023545200,25023545200,7,0.000202
25023561100,25023561100,7,0.000202
25023561200,25023561200,7,0.000202
25025120700,25025120700,7,0.000202
25025981100,25025981100,7,0.000202
25027700100,25027700100,7,0.000202
25027731800,25027731800,7,0.000202
25027732901,25027732901,7,0.000202
25027735200,25027735200,7,0.000202
25027750200,25027750200,7,0.000202
25027752100,25027752100,7,0.000202
25027754100,25027754100,7,0.000202
33011010200,33011010200,7,0.000202
33011010500,33011010500,7,0.000202
33011012200,33011012200,7,0.000202
33011200200,33011200200,7,0.000202
33011200300,33011200300,7,0.000202
33013038000,33013038000,7,0.000202
33015003500,33015003500,7,0.000202
33017081100,33017081100,7,0.000202
36001013601,36001013601,7,0.000202
36119010000,36119010000,7,0.000202
44007000300,44007000300,7,0.000202
44007002200,44007002200,7,0.000202
44007002400,44007002400,7,0.000202
44007002800,44007002800,7,0.000202
44007003100,44007003100,7,0.000202
44007011403,44007011403,7,0.000202
44007012401,44007012401,7,0.000202
48339690602,48339690602,7,0.000202
50007003100,50007003100,7,0.000202
9003460203,9003460203,6,0.000173
9003497100,9003497100,6,0.000173
11001007200,11001007200,6,0.000173
12057006700,12057006700,6,0.000173
12086009706,12086009706,6,0.000173
12099007713,12099007713,6,0.000173
23005002900,23005002900,6,0.000173
23031036001,23031036001,6,0.000173
25001013200,25001013200,6,0.000173
25005600204,25005600204,6,0.000173
25005611202,25005611202,6,0.000173
25005613300,25005613300,6,0.000173
25005613400,25005613400,6,0.000173
25005613901,25005613901,6,0.000173
25005631800,25005631800,6,0.000173
25005641400,25005641400,6,0.000173
25005642000,25005642000,6,0.000173
25005642400,25005642400,6,0.000173
25005645101,25005645101,6,0.000173
25009203200,25009203200,6,0.000173
25009203301,25009203301,6,0.000173
25009204600,25009204600,6,0.000173
25009214100,25009214100,6,0.000173
25009217202,25009217202,6,0.000173
25009221100,25009221100,6,0.000173
25009221600,25009221600,6,0.000173
25009260200,25009260200,6,0.000173
25009260800,25009260800,6,0.000173
25009266200,25009266200,6,0.000173
25013812300,25013812300,6,0.000173
25013813301,25013813301,6,0.000173
25013813303,25013813303,6,0.000173
25017310400,25017310400,6,0.000173
25017311300,25017311300,6,0.000173
25017312100,25017312100,6,0.000173
25017312300,25017312300,6,0.000173
25017315402,25017315402,6,0.000173
25017316201,25017316201,6,0.000173
25017317103,25017317103,6,0.000173
25017317202,25017317202,6,0.000173
25017320102,25017320102,6,0.000173
25017327103,25017327103,6,0.000173
25017328100,25017328100,6,0.000173
25017338500,25017338500,6,0.000173
25017354400,25017354400,6,0.000173
25017363103,25017363103,6,0.000173
25023500103,25023500103,6,0.000173
25023506202,25023506202,6,0.000173
25023521101,25023521101,6,0.000173
25023521201,25023521201,6,0.000173
25023530300,25023530300,6,0.000173
25023530600,25023530600,6,0.000173
25027709701,25027709701,6,0.000173
25027710100,25027710100,6,0.000173
25027730100,25027730100,6,0.000173
25027730200,25027730200,6,0.000173
25027731101,25027731101,6,0.000173
25027732400,25027732400,6,0.000173
25027739500,25027739500,6,0.000173
25027742401,25027742401,6,0.000173
25027749100,25027749100,6,0.000173
25027757400,25027757400,6,0.000173
33011002400,33011002400,6,0.000173
33011002600,33011002600,6,0.000173
33011013100,33011013100,6,0.000173
33011200100,33011200100,6,0.000173
33013044200,33013044200,6,0.000173
33015003400,33015003400,6,0.000173
33015003901,33015003901,6,0.000173
33015052000,33015052000,6,0.000173
33015064000,33015064000,6,0.000173
33015100100,33015100100,6,0.000173
33015102100,33015102100,6,0.000173
33015105100,33015105100,6,0.000173
33017080500,33017080500,6,0.000173
33017084400,33017084400,6,0.000173
34013020800,34013020800,6,0.000173
34035054201,34035054201,6,0.000173
44005041400,44005041400,6,0.000173
44007001300,44007001300,6,0.000173
44007002900,44007002900,6,0.000173
44007003601,44007003601,6,0.000173
44007011100,44007011100,6,0.000173
44007011902,44007011902,6,0.000173
44007012102,44007012102,6,0.000173
44007015700,44007015700,6,0.000173
44007015900,44007015900,6,0.000173
44007017900,44007017900,6,0.000173
48453001760,48453001760,6,0.000173
9003400200,9003400200,5,0.000144
9007610300,9007610300,5,0.000144
9011695202,9011695202,5,0.000144
9011697000,9011697000,5,0.000144
11001010800,11001010800,5,0.000144
12086000115,12086000115,5,0.000144
12086006714,12086006714,5,0.000144
13089022402,13089022402,5,0.000144
13121011623,13121011623,5,0.000144
17031320100,17031320100,5,0.000144
23005001700,23005001700,5,0.000144
23005002200,23005002200,5,0.000144
23019009000,23019009000,5,0.000144
24027605402,24027605402,5,0.000144
25001010600,25001010600,5,0.000144
25001012101,25001012101,5,0.000144
25001013002,25001013002,5,0.000144
25001015002,25001015002,5,0.000144
25001015300,25001015300,5,0.000144
25005611101,25005611101,5,0.000144
25005616100,25005616100,5,0.000144
25005617101,25005617101,5,0.000144
25005631200,25005631200,5,0.000144
25005645102,25005645102,5,0.000144
25005654200,25005654200,5,0.000144
25007200300,25007200300,5,0.000144
25009207000,25009207000,5,0.000144
25009220102,25009220102,5,0.000144
25009221300,25009221300,5,0.000144
25009221800,25009221800,5,0.000144
25009221901,25009221901,5,0.000144
25009222100,25009222100,5,0.000144
25009251400,25009251400,5,0.000144
25009252102,25009252102,5,0.000144
25009252501,25009252501,5,0.000144
25009253203,25009253203,5,0.000144
25009261000,25009261000,5,0.000144
25009265102,25009265102,5,0.000144
25009267101,25009267101,5,0.000144
25013813404,25013813404,5,0.000144
25015820500,25015820500,5,0.000144
25017311200,25017311200,5,0.000144
25017312000,25017312000,5,0.000144
25017312200,25017312200,5,0.000144
25017312502,25017312502,5,0.000144
25017314102,25017314102,5,0.000144
25017314301,25017314301,5,0.000144
25017318200,25017318200,5,0.000144
25017320103,25017320103,5,0.000144
25017321400,25017321400,5,0.000144
25017324101,25017324101,5,0.000144
25017350500,25017350500,5,0.000144
25021441202,25021441202,5,0.000144
25021442201,25021442201,5,0.000144
25023523100,25023523100,5,0.000144
25023530902,25023530902,5,0.000144
25023542102,25023542102,5,0.000144
25023545300,25023545300,5,0.000144
25025981202,25025981202,5,0.000144
25025981700,25025981700,5,0.000144
25027707200,25027707200,5,0.000144
25027709502,25027709502,5,0.000144
25027710800,25027710800,5,0.000144
25027712101,25027712101,5,0.000144
25027716100,25027716100,5,0.000144
25027728300,25027728300,5,0.000144
25027730401,25027730401,5,0.000144
25027730700,25027730700,5,0.000144
25027730902,25027730902,5,0.000144
25027731002,25027731002,5,0.000144
25027731500,25027731500,5,0.000144
25027731600,25027731600,5,0.000144
25027731900,25027731900,5,0.000144
25027732500,25027732500,5,0.000144
25027732801,25027732801,5,0.000144
25027736500,25027736500,5,0.000144
25027754300,25027754300,5,0.000144
25027758102,25027758102,5,0.000144
25027761100,25027761100,5,0.000144
33009961700,33009961700,5,0.000144
33011010400,33011010400,5,0.000144
33011011101,33011011101,5,0.000144
33011011102,33011011102,5,0.000144
33011011401,33011011401,5,0.000144
33011014202,33011014202,5,0.000144
33011200400,33011200400,5,0.000144
33013003006,33013003006,5,0.000144
33013038500,33013038500,5,0.000144
33015063002,33015063002,5,0.000144
33015100200,33015100200,5,0.000144
33015101100,33015101100,5,0.000144
33015106400,33015106400,5,0.000144
33017085000,33017085000,5,0.000144
34023008202,34023008202,5,0.000144
34027042800,34027042800,5,0.000144
34035053402,34035053402,5,0.000144
36047025800,36047025800,5,0.000144
36055011706,36055011706,5,0.000144
36061014000,36061014000,5,0.000144
36081001900,36081001900,5,0.000144
36119009800,36119009800,5,0.000144
37067004103,37067004103,5,0.000144
44003020500,44003020500,5,0.000144
44005040103,44005040103,5,0.000144
44007000200,44007000200,5,0.000144
44007000800,44007000800,5,0.000144
44007001600,44007001600,5,0.000144
44007001900,44007001900,5,0.000144
44007002300,44007002300,5,0.000144
44007003500,44007003500,5,0.000144
44007003602,44007003602,5,0.000144
44007011401,44007011401,5,0.000144
44007011500,44007011500,5,0.000144
44007011702,44007011702,5,0.000144
44007011800,44007011800,5,0.000144
44007015500,44007015500,5,0.000144
44007017100,44007017100,5,0.000144
44007017700,44007017700,5,0.000144
47163043301,47163043301,5,0.000144
