,Industry,Count
24,"Agriculture, Forestry, Fishing and Hunting",0
25,"Mining, Quarrying, and Oil and Gas Extraction",0
26,Utilities,0
27,Construction,9
28,Manufacturing,17
29,Wholesale Trade,0
30,Retail Trade,146
31,Transportation and Warehousing,35
32,Information,45
33,Finance and Insurance,174
34,Real Estate and Rental and Leasing,31
35,"Professional, Scientific, and Technical Services",395
36,Management of Companies and Enterprises,0
37,"Administration & Support, Waste Management and Remediation",58
38,Educational Services,11
39,Health Care and Social Assistance,262
40,"Arts, Entertainment, and Recreation",39
41,Accommodation and Food Services,345
42,Other Services (excluding Public Administration),83
43,Public Administration,454
